,Text,Sentiment
0, Enjoying a beautiful day at the park!              ,Positive
1, Traffic was terrible this morning.                 ,Negative
2, Just finished an amazing workout! üí™               ,Positive
3, Excited about the upcoming weekend getaway!        ,Positive
4, Trying out a new recipe for dinner tonight.        ,Neutral
5, Feeling grateful for the little things in life.    ,Positive
6, Rainy days call for cozy blankets and hot cocoa.   ,Positive
7, The new movie release is a must-watch!             ,Positive
8, Political discussions heating up on the timeline.  ,Negative
9, Missing summer vibes and beach days.               ,Neutral
10, Just published a new blog post. Check it out!      ,Positive
11, Feeling a bit under the weather today.             ,Negative
12, Exploring the city's hidden gems.                  ,Positive
13," New year, new fitness goals! üí™                    ",Positive
14, Technology is changing the way we live.            ,Neutral
15, Reflecting on the past and looking ahead.          ,Positive
16, Just adopted a cute furry friend! üêæ              ,Positive
17, Late-night gaming session with friends.            ,Positive
18, Attending a virtual conference on AI.              ,Neutral
19, Winter blues got me feeling low.                   ,Negative
20, Sipping coffee and enjoying a good book.           ,Positive
21, Exploring the world of virtual reality.            ,Positive
22, Productive day ticking off my to-do list.          ,Positive
23, Just finished a challenging workout routine.       ,Positive
24, Celebrating a milestone at work! üéâ               ,Positive
25, Sunday brunch with friends.                        ,Positive
26, Learning a new language for personal growth.       ,Positive
27, Quiet evening with a good book.                    ,Positive
28, Reflecting on the importance of mental health.     ,Positive
29, New painting in progress! üé®                       ,Positive
30, Weekend road trip to explore scenic views.         ,Positive
31, Enjoying a cup of tea and watching the sunset.     ,Positive
32, Coding a new project with enthusiasm.              ,Positive
33, Feeling inspired after attending a workshop.       ,Positive
34, Winter sports day at the local park.               ,Positive
35, Quality time with family this weekend.             ,Positive
36, Attending a live music concert tonight.            ,Positive
37, Practicing mindfulness with meditation.            ,Positive
38, Trying out a new dessert recipe.                   ,Positive
39, Excited about the upcoming gaming tournament.      ,Positive
40, Planning a garden makeover for spring.             ,Positive
41, Celebrating a friend's birthday tonight! üéÇ       ,Positive
42, Feeling accomplished after a productive day.       ,Positive
43, A cozy evening with a good movie.                 ,Positive
44, Exploring local art galleries this weekend.        ,Positive
45, New book release from my favorite author!          ,Positive
46, Attending a virtual reality meetup.                ,Positive
47, Reflecting on the beauty of nature.                ,Positive
48, Cooking a special dinner for loved ones.           ,Positive
49, Feeling optimistic about the week ahead.           ,Positive
50, Starting a new fitness challenge tomorrow! üí™     ,Positive
51, Sunday bike ride through scenic trails.           ,Positive
52, Can't believe the injustice happening in our society.,Negative
53, Feeling a sense of fear after watching a thriller movie. ,Negative
54, Heartbroken after hearing the news about a natural disaster. ,Negative
55, The state of the world's environment is just disgusting. ,Negative
56, Pure happiness: celebrating a loved one's achievement! ,Positive
57, Laughter is the best medicine‚Äîenjoying a comedy show. ,Positive
58, Sharing love and positive vibes with everyone! ‚ù§Ô∏è      ,Positive
59, An amusing incident brightened up my day!               ,Positive
60, Enjoying a quiet evening with a book and some tea.      ,Positive
61, Admiring the beauty of nature during a peaceful hike.   ,Positive
62, Sending affectionate vibes to all my followers!          ,Positive
63, Experiencing awe at the breathtaking sunset.            ,Positive
64, Disappointed with the service at a local restaurant.    ,Negative
65, A surprise gift from a friend made my day!              ,Neutral
66, Finding acceptance in the midst of life's challenges.   ,Neutral
67, Overflowing with adoration for my adorable pet! üêæ      ,Positive
68, Anticipating a thrilling adventure in the coming weeks. ,Positive
69, A bitter experience turned into a valuable lesson.      ,Negative
70, Finding calmness in the midst of a busy day.            ,Positive
71, Confusion clouds my mind as I navigate through decisions.,Neutral
72, Excitement building up for the upcoming vacation!       ,Positive
73, Kindness witnessed today restored my faith in humanity. ,Positive
74, Pride in achieving a personal milestone.               ,Positive
75, A moment of shame for not standing up against injustice. ,Negative
76, Fuming with anger after a heated argument.            ,Negative
77, The fear of the unknown is keeping me up at night.    ,Negative
78, Heartfelt sadness after bidding farewell to a dear friend. ,Negative
79, The state of corruption in our society is utterly disgusting. ,Negative
80, Overflowing happiness: welcoming a new family member!  ,Positive
81, Laughter is the key to joy‚Äîattending a stand-up comedy show. ,Positive
82, Sending love to all my followers on this beautiful day! ‚ù§Ô∏è ,Positive
83, Amused by the antics of my pet‚Äîit's pure amusement!      ,Positive
84, Enjoying every moment of this trip‚Äîpure enjoyment!      ,Positive
85, Admiring the dedication of volunteers at a local charity. ,Positive
86, Sending affectionate vibes to friends and family.        ,Positive
87, Awe-struck by the beauty of the night sky.               ,Positive
88, Disappointed with the lack of progress in a personal project. ,Negative
89, A surprise visit from an old friend brought tears of joy. ,Neutral
90, Embracing acceptance of life's ups and downs.           ,Neutral
91, Overflowing adoration for a cute rescue puppy! üê∂       ,Positive
92, Anticipating the release of a much-awaited movie.       ,Positive
93, Bitter experience at the customer service department.   ,Negative
94, Finding calmness amidst the chaos of daily life.        ,Positive
95, Confusion reigns as I try to make sense of recent events.,Neutral
96, Excitement building up for a surprise birthday party.   ,Positive
97, Witnessed an act of kindness that made my day.          ,Positive
98, Pride in completing a challenging fitness challenge.    ,Positive
99, A moment of shame for not speaking up against injustice.,Negative
100, Reflecting on the beauty of diversity in our world.     ,Neutral
101, Excitement for a quiet evening with a good book.        ,Positive
102, Feeling bitter about the unfairness in the workplace.   ,Negative
103, Calmness prevails as I practice mindfulness.            ,Positive
104, Confusion surrounds me as I navigate through life's choices. ,Neutral
105, Excitement for a weekend road trip to explore new places. ,Positive
106, Kindness witnessed today restores my faith in humanity.  ,Positive
107, Pride in accomplishing personal and professional goals.  ,Positive
108, Shame for not being true to my values in a difficult situation.,Negative
109," Revisiting old memories, feeling a sense of elation. ",Positive
110, The victory of our team brought euphoria to the city. ,Positive
111," Embracing the beauty of nature, a moment of contentment. ",Positive
112," Meditating by the serene lake, finding inner peace.   ",Positive
113, Overflowing with gratitude for life's blessings.      ,Positive
114," Hopeful for a brighter tomorrow, despite challenges.  ",Positive
115, Empowered to make a difference in my community.        ,Positive
116, Compassion in action: supporting a local charity event. ,Positive
117," A moment of tenderness, connecting with loved ones.    ",Positive
118, Arousal of excitement as I await a special announcement.,Positive
119, Enthusiastically diving into a new project.            ,Positive
120, Feeling a sense of fulfillment after reaching a milestone.,Positive
121, Reverence for the beauty of a historic landmark.       ,Positive
122, Elation after a surprise reunion with old friends.    ,Positive
123, The euphoria of a live music concert under the stars.  ,Positive
124, Contentment in the simplicity of a quiet Sunday.       ,Positive
125, Serenity found in the pages of a favorite book.        ,Positive
126, Gratitude for the support received during tough times. ,Positive
127, Hopeful about the possibilities of a new journey.      ,Positive
128, Empowerment through learning and personal growth.      ,Positive
129, Compassion towards those in need during the holidays.  ,Positive
130, Tenderness in the warmth of a cozy winter evening.     ,Positive
131, Arousal of excitement for an upcoming adventure.       ,Positive
132, Enthusiasm for a creative project in the making.       ,Positive
133, Fulfillment in completing a challenging workout routine.,Positive
134, Reverence for the artistry displayed in a museum.      ,Positive
135, Elation after achieving a personal goal.               ,Positive
136, Elation over discovering a hidden gem in the city.   ,Positive
137, The euphoria of a surprise birthday celebration.     ,Positive
138, Contentment in the simplicity of a home-cooked meal. ,Positive
139, Serenity found in the melody of a peaceful piano.    ,Positive
140, Gratitude for the supportive community around me.    ,Positive
141, Hopeful about the prospects of a new business venture.,Positive
142, Empowerment through mentoring and guiding others.    ,Positive
143, Compassion shown through acts of kindness in the community.,Positive
144, Tenderness in a heartfelt message to a loved one.    ,Positive
145, Arousal of excitement before a much-awaited trip.    ,Positive
146, Enthusiasm for a new artistic project in the works.  ,Positive
147, Feeling a sense of fulfillment after helping others. ,Positive
148, Reverence for the historical significance of a landmark.,Positive
149, Elation after achieving a fitness milestone.         ,Positive
150, The euphoria of a successful product launch.         ,Positive
151, Contentment in the embrace of a loved one.           ,Positive
152, Serenity found in the beauty of a sunset by the sea.  ,Positive
153, Gratitude for the small joys that each day brings.   ,Positive
154, Hopeful about the potential for personal growth.      ,Positive
155, Empowerment through learning a new skill.            ,Positive
156, Compassion in volunteering for a local charity.       ,Positive
157, Tenderness in a quiet moment shared with a pet.      ,Positive
158, Arousal of excitement for an upcoming festival.       ,Positive
159, Enthusiasm for a DIY home improvement project.       ,Positive
160, Fulfillment in completing a challenging puzzle.      ,Positive
161, Reverence for the wonders of nature on a hiking trail.,Positive
162, Elation after a surprise reunion with a childhood friend.,Positive
163, Suffering from despair after another setback.      ,Negative
164," Overwhelmed by grief, missing a loved one dearly.  ",Negative
165, Loneliness creeps in as the night grows colder.    ,Negative
166, Jealousy consumes me as I witness others' success. ,Negative
167, Resentment building up over past betrayals.        ,Negative
168, Frustration mounts as obstacles block my path.     ,Negative
169," Boredom sets in, the day feels endlessly dull.     ",Negative
170," Anxiety grips my heart, worry clouds my thoughts.  ",Negative
171, Intimidation by the unknown future ahead.          ,Negative
172, Helplessness sinks in as challenges pile up.       ,Negative
173, Envy eats away at me as I see others' prosperity.  ,Negative
174, Regret over missed opportunities haunts my thoughts.,Negative
175, Disgust at the sight of injustice and cruelty.     ,Negative
176," Drowning in despair, hope slipping through my fingers.",Negative
177," Grief weighs heavy, tears a constant companion.    ",Negative
178," Loneliness in a crowded room, a silent cry for connection.",Negative
179," Jealousy gnaws at my confidence, a toxic emotion.  ",Negative
180," Resentment festers, poisoning relationships.       ",Negative
181," Frustration boils over, a volcanic eruption of emotions.",Negative
182," Boredom settles like dust, life feels mundane.     ",Negative
183," Anxiety grips my chest, a relentless grip on my thoughts.",Negative
184," Intimidation by the challenges ahead, fear takes hold.",Negative
185," Helplessness engulfs me, drowning in a sea of problems.",Negative
186," Envy poisons my thoughts, coveting others' success.",Negative
187, Regret for decisions that led to a painful present.,Negative
188, Disgust at the corruption that stains society.     ,Negative
189," Sinking in despair, each day darker than the last. ",Negative
190," Grief overwhelms, a storm of emotions within.      ",Negative
191," Loneliness echoes in empty spaces, yearning for connection.",Negative
192," Jealousy poisons my thoughts, resentment brewing within.",Negative
193," Resentment festers, a wound that refuses to heal.  ",Negative
194," Frustration escalates, a thunderstorm of emotions. ",Negative
195," Boredom lingers, a stagnant pool of indifference.  ",Negative
196," Embarking on a journey of discovery, fueled by curiosity and a thirst for knowledge. ",Neutral
197," Lost in the vast sea of information, an indifferent wave in the digital ocean. ",Neutral
198," The complex puzzle of life leaves me in a state of perpetual confusion, seeking answers in the chaos. ",Neutral
199," A numbness settles over me, a shield against the overwhelming emotions life throws my way. ",Neutral
200," Gazing at the sunset, a melancholic longing for moments that slip through the fingers of time. ",Negative
201," Revisiting old photographs, caught in the embrace of nostalgia's bittersweet symphony. ",Neutral
202," Torn between conflicting emotions, an ambivalence that paints my decisions in shades of uncertainty. ",Neutral
203," Embracing the ebb and flow of life, finding acceptance in the dance of existence. ",Neutral
204," Facing challenges head-on, a determination that fuels the fire within to achieve the impossible. ",Positive
205," Serenity found in the stillness of nature, a tranquil retreat from the chaos of the modern world. ",Positive
206," Curiosity leading me down the rabbit hole of knowledge, a perpetual student in life's classroom. ",Neutral
207," Floating through the day with an air of indifference, detached from the mundane happenings around. ",Neutral
208," Entangled in the web of thoughts, confusion reigning as I navigate the labyrinth of ideas. ",Neutral
209," Numb to the chaos, emotions locked away, a stoic facade concealing the inner turmoil. ",Neutral
210," Melancholy whispers in the breeze, a silent conversation with the echoes of forgotten dreams. ",Negative
211," Stumbling upon an old journal, nostalgia flooding in waves, carrying me to moments long gone. ",Neutral
212," A tapestry of conflicting feelings, weaving through uncertainty, caught in the threads of ambivalence. ",Neutral
213," Embracing the flaws, finding acceptance in imperfection, a journey towards self-love. ",Neutral
214," Determination burning like a wildfire, overcoming obstacles, turning dreams into reality. ",Positive
215," Tranquil moments by the ocean, serenity washing over, a peaceful retreat within the waves' embrace. ",Positive
216," Exploring new horizons with the spark of curiosity, an adventurer in the vast landscape of knowledge. ",Neutral
217," Drifting through the day with a nonchalant demeanor, embracing the art of indifference. ",Neutral
218," Wrestling with thoughts, a perplexed mind lost in the labyrinth of life's complexities. ",Neutral
219," Immersed in a state of emotional numbness, a shield against the storm of daily struggles. ",Neutral
220," A melancholic symphony playing in the background, the soundtrack of a wistful heart. ",Negative
221," Flipping through the pages of an old yearbook, nostalgia painting smiles and tears on my face. ",Neutral
222," Torn between opposing emotions, an ambivalence that colors my decisions with shades of uncertainty. ",Neutral
223," Embracing life's imperfections, finding acceptance in the journey, scars and all. ",Neutral
224," A fiery determination burning within, fueled by the vision of reaching unparalleled heights. ",Positive
225," Basking in the serenity of a quiet forest, where the whispers of nature bring peace to the soul. ",Positive
226," Indifferent to the noise of the world, a silent observer in the midst of life's cacophony. ",Neutral
227," Navigating through the labyrinth of thoughts, confusion a constant companion in the maze of ideas. ",Neutral
228," An impenetrable numbness shields me from the emotional storms, a fortress of stoic resilience. ",Neutral
229," Melancholy painting the world in hues of nostalgia, a canvas of bittersweet memories. ",Negative
230," A journey into the past, flipping through the pages of an old diary, nostalgia taking the lead. ",Neutral
231," Ambivalence clouding decisions, caught in the crossroads of conflicting emotions. ",Neutral
232," Embracing imperfections, finding acceptance in the mosaic of life's beautiful chaos. ",Neutral
233," Determination as the driving force, propelling me forward on the path to extraordinary achievements. ",Positive
234," Seeking serenity in the melody of raindrops, a tranquil escape from the noise of everyday life. ",Positive
235," Curiosity driving the exploration of the unknown, a seeker of knowledge in uncharted territories. ",Neutral
236," Drifting through the day with an air of nonchalance, indifferent to the trivialities of life. ",Neutral
237," Lost in the labyrinth of thoughts, confusion casting shadows on the quest for clarity. ",Neutral
238," Wrapped in the cloak of emotional numbness, a shield against the storms of life's turbulence. ",Neutral
239," Melancholy as a companion, painting the canvas of life with the brushstrokes of wistful yearning. ",Negative
240," Leafing through the pages of an old photo album, nostalgia weaving tales of laughter and tears. ",Neutral
241," Ambivalence in the air, caught between the crossroads of conflicting emotions and decisions. ",Neutral
242," Embracing the beauty in imperfections, finding acceptance in the mosaic of life's unpredictable art. ",Neutral
243," Determination ablaze, forging a path through challenges, sculpting dreams into tangible realities. ",Positive
244," Immerse in the serenity of a moonlit night, where the quiet whispers of nature bring peace to the soul. ",Positive
245," Fueled by curiosity, venturing into uncharted realms, a fearless explorer of the mysteries of the world. ",Neutral
246,"Wrapped in the cloak of emotional numbness, a shield against the storms of life's turbulence. ",Neutral
247," Dancing through life with the exuberance of a carefree spirit, embracing joy and zest at every turn. ",Positive
248," Basking in the golden glow of contentment, a serene river flowing through the landscape of the heart. ",Positive
249," Gazing towards the horizon with hopeful eyes, painting a canvas of dreams illuminated by the sun of optimism. ",Positive
250," Standing tall, proud as an oak, the branches of achievement reaching towards the sky of accomplishment. ",Positive
251," A heart overflowing with gratitude, a garden where appreciation blooms in the soil of kindness and connection. ",Positive
252," Extending a hand, empathetic threads weaving a tapestry of understanding, embracing the joys and sorrows of others. ",Positive
253," Compassionate clouds, heavy with care, showering empathy on the parched grounds of human suffering. ",Positive
254," Playfully dancing in the rain of laughter, a whimsical spirit twirling in the puddles of joy and lightheartedness. ",Positive
255," Soaring on the wings of a free spirit, unburdened by the chains of conformity, painting the sky with independence. ",Positive
256," Bathed in the glow of inspiration, a creative phoenix rising from the ashes of ordinary thoughts to explore new realms. ",Positive
257," Navigating the sea of hope, sailing towards the sunrise of possibilities, confident in the ship of positive anticipation. ",Positive
258," Striding with confidence, footprints of self-assuredness imprinted on the sands of challenges conquered and victories claimed. ",Positive
259," Lost in the symphony of the night, a moonlit serenade that whispers tales of wanderlust and moonlit dreams. ",Positive
260," Unveiling the layers of curiosity, a labyrinth of questions leading to the treasure troves of undiscovered knowledge. ",Neutral
261," In the embrace of the autumn breeze, leaves of ambivalence dancing in a waltz between choices and uncertainties. ",Neutral
262," Gratitude as a guiding star, navigating the constellation of blessings in the vast universe of life's precious moments. ",Positive
263," With a zestful heart, sprinting through fields of enthusiasm, chasing sunbeams and laughter in the meadows of joy. ",Positive
264," A compassionate rain, tears of empathy falling gently, nurturing the seeds of kindness in the garden of human connections. ",Positive
265," Proudly scaling the peaks of achievement, a mountaineer conquering challenges and planting the flag of success. ",Positive
266," Embraced by the hopeful dawn, a gardener sowing seeds of optimism, tending to the blooms of a brighter tomorrow. ",Positive
267," A playful escapade in the carnival of life, carousel laughter and cotton candy dreams swirling in the joyous atmosphere. ",Positive
268," Floating on clouds of inspiration, an artist painting the sky with strokes of creativity, creating a masterpiece of dreams. ",Positive
269," Navigating the river of contentment, a serene boat cruise through the tranquil waters of inner peace and acceptance. ",Positive
270," With empathy as a lantern, wandering through the dark alleys of sorrow, illuminating the path with compassion and care. ",Positive
271," A free spirit soaring on the wings of dreams, leaving trails of independence in the azure sky of boundless possibilities. ",Positive
272," Bathed in the golden hues of gratefulness, a sunset of appreciation casting its warm glow on the landscapes of the heart. ",Positive
273," Confident strides in the dance of life, a ballroom where self-assuredness leads, twirling through challenges with grace. ",Positive
274," Hopeful whispers of wind, carrying the promises of a brighter tomorrow, a symphony of optimism in the air of possibilities. ",Positive
275," Playfully juggling responsibilities, a circus performer balancing the acts of work and joy, tossing laughter into the air. ",Positive
276," Whispering tales of inspiration to the stars, a storyteller crafting constellations from the threads of imagination. ",Positive
277," Charting a course through the waves of hopeful anticipation, a sailor steering towards the shores of dreams yet unexplored. ",Positive
278," A compassionate rain, tears of empathy falling gently, nurturing the seeds of kindness in the garden of human connections. ",Positive
279," Proudly scaling the peaks of achievement, a mountaineer conquering challenges and planting the flag of success. ",Positive
280," Embraced by the hopeful dawn, a gardener sowing seeds of optimism, tending to the blooms of a brighter tomorrow. ",Positive
281," A playful escapade in the carnival of life, carousel laughter and cotton candy dreams swirling in the joyous atmosphere. ",Positive
282," Floating on clouds of inspiration, an artist painting the sky with strokes of creativity, creating a masterpiece of dreams. ",Positive
283," Navigating the river of contentment, a serene boat cruise through the tranquil waters of inner peace and acceptance. ",Positive
284," With empathy as a lantern, wandering through the dark alleys of sorrow, illuminating the path with compassion and care. ",Positive
285," A free spirit soaring on the wings of dreams, leaving trails of independence in the azure sky of boundless possibilities. ",Positive
286," Bathed in the golden hues of gratefulness, a sunset of appreciation casting its warm glow on the landscapes of the heart. ",Positive
287," Confident strides in the dance of life, a ballroom where self-assuredness leads, twirling through challenges with grace. ",Positive
288," Hopeful whispers of wind, carrying the promises of a brighter tomorrow, a symphony of optimism in the air of possibilities. ",Positive
289," Playfully juggling responsibilities, a circus performer balancing the acts of work and joy, tossing laughter into the air. ",Positive
290," Whispering tales of inspiration to the stars, a storyteller crafting constellations from the threads of imagination. ",Positive
291," Charting a course through the waves of hopeful anticipation, a sailor steering towards the shores of dreams yet unexplored. ",Positive
292," A compassionate rain, tears of empathy falling gently, nurturing the seeds of kindness in the garden of human connections. ",Positive
293," Proudly scaling the peaks of achievement, a mountaineer conquering challenges and planting the flag of success. ",Positive
294," Embraced by the hopeful dawn, a gardener sowing seeds of optimism, tending to the blooms of a brighter tomorrow. ",Positive
295," A playful escapade in the carnival of life, carousel laughter and cotton candy dreams swirling in the joyous atmosphere. ",Positive
296," Drowning in the abyss of despair, a heart shattered into fragments, lost in the echoing silence of hopelessness. ",Negative
297," Bitterness festering like a venomous vine, entwining the soul in a web of resentment, poisoning the garden of peace. ",Negative
298," Wandering through the desert of loneliness, each step a heavy sigh, mirages of connection shimmering but never materializing. ",Negative
299," Yearning for a touch that's not there, echoes of a distant warmth haunting the heart in the cold embrace of solitude. ",Neutral
300," Eyes wide open in the night, fearful shadows dancing on the walls, the mind a prisoner of imagined horrors. ",Negative
301," Apprehensive steps on the tightrope of uncertainty, a balancing act where the fall seems inevitable, anxiety a constant companion. ",Negative
302," Overwhelmed by the weight of the world, Atlas with trembling shoulders, each responsibility a boulder in the landscape of exhaustion. ",Negative
303," Jealousy, a green-eyed monster, lurking in the shadows, casting a dark cloud over the sunshine of others' success. ",Negative
304," Devastated by the storm of betrayal, the wreckage of trust scattered like debris, a heart torn by the winds of broken promises. ",Negative
305," Frustrated fingers tapping on the keyboard, a symphony of annoyance composing an unsolvable puzzle of unmet expectations. ",Negative
306," Envious eyes fixated on the gilded prize, a heartache fueled by the painful desire for possessions that seem forever out of reach. ",Negative
307," Dismissive glances, a fortress built with indifference, walls impenetrable to the pleas of understanding and recognition. ",Negative
308," Shattered dreams lie on the floor like fragments of glass, a mosaic of disappointment crafted by the hands of frustration. ",Negative
309," Loneliness, a silent companion in the night, the only echo in the chamber of solitude, a heart's solitary nocturne. ",Negative
310," Fearful whispers in the dark, the mind haunted by the specter of the unknown, shadows dancing to the rhythm of anxiety's tune. ",Negative
311," Bitterness, a bitter aftertaste lingering on the tongue, each word a reminder of wounds that refuse to heal with the passing of time. ",Negative
312," Overwhelmed by the cacophony of expectations, a drowning soul in the tempest of pressure, struggling to stay afloat. ",Negative
313," Jealousy, a venom that seeps through the veins, poisoning the heart and turning it into a breeding ground for discontent. ",Negative
314," Devastated by the revelation of betrayal, the trust shattered like fragile glass, leaving shards of pain in its wake. ",Negative
315," Frustrated attempts to mend a broken connection, the threads of understanding slipping through the fingers like grains of sand. ",Negative
316," Envious gazes cast upon the podium of success, a bitter pill swallowed, the taste lingering as a constant reminder of unattained heights. ",Negative
317," Dismissive gestures, a curtain drawn to shield the vulnerability, a stage where emotions take a backseat to the performance of indifference. ",Negative
318," Despair like a heavy fog, enveloping every thought, blurring the path ahead, a journey in the labyrinth of utter hopelessness. ",Negative
319," Bitterness, a bitter chill in the air, freezing moments into icicles of resentment that dangle precariously over the landscape of memory. ",Negative
320," Loneliness, a solitary moon in a starless sky, casting a cold glow on the landscape of isolation, where echoes bounce in empty spaces. ",Negative
321," Yearning for the warmth of a vanished sun, a heartache painted in the hues of a sunset that never graced the horizon. ",Neutral
322," Fearful eyes scanning the shadows, a prisoner of the night, terrorized by the lurking monsters born from the mind's darkest corners. ",Negative
323," Apprehensive whispers in the wind, a forecast of uncertainty, the mind's weather vane spinning wildly in the storm of doubt. ",Negative
324," Overwhelmed by the maze of expectations, a minotaur of pressure lurking in the labyrinth, waiting to devour the spirit of resilience. ",Negative
325," Jealousy, a festering wound, the pain intensifying with each glance at the garden of others' achievements, blooming beyond the fence. ",Negative
326," Devastated, a heart in ruins, the echoes of shattered dreams reverberating in the chambers, a requiem for what once was whole. ",Negative
327," Frustrated attempts to untangle the knot of confusion, the threads of understanding slipping further into the labyrinth of miscommunication. ",Negative
328," Envious eyes locked on the treasure chest of opportunities, a heartache fueled by the desire for keys that seem forever elusive. ",Negative
329," Dismissive gestures, a curtain drawn to shield the vulnerability, a stage where emotions take a backseat to the performance of indifference. ",Negative
330," Shattered dreams lie on the floor like fragments of glass, a mosaic of disappointment crafted by the hands of frustration. ",Negative
331," Loneliness, a silent companion in the night, the only echo in the chamber of solitude, a heart's solitary nocturne. ",Negative
332,Awe-struck by the breathtaking sunrise over the mountains.      ,Positive
333,Navigating through the challenges with determination.          ,Positive
334,Nostalgia hits while flipping through an old photo album.     ,Neutral
335,Thrilled to witness the grandeur of a cultural festival.       ,Positive
336,Calmness found in the rhythm of raindrops on the windowpane.   ,Positive
337,Overwhelmed by the support received during a personal challenge.,Negative
338,Excitement builds as the countdown to a long-awaited vacation begins. ,Positive
339,"Reflecting on life's journey, grateful for the lessons learned. ",Positive
340,Bittersweet emotions arise while bidding farewell to a dear friend. ,Neutral
341,Curiosity sparked by exploring a mysterious ancient ruin.      ,Neutral
342,Admiration for the intricate details of a handcrafted masterpiece. ,Positive
343,Overjoyed by the warmth of a cozy fireplace on a winter evening.   ,Positive
344,Inspiration strikes while observing the colors of a vibrant sunset.,Positive
345,Motivated to achieve fitness goals after an invigorating workout.  ,Positive
346,Gratitude for the simple joys found in a cup of morning coffee.    ,Positive
347,Feeling empowered after conquering a challenging hiking trail.     ,Positive
348,Amused by the antics of playful kittens during playtime.           ,Positive
349,Contemplating life's mysteries under the starry night sky.         ,Neutral
350,Joyful reunion with long-lost friends after years of separation.   ,Positive
351,Excitement builds while preparing for a surprise celebration.     ,Positive
352,Satisfaction derived from successfully completing a DIY project.  ,Positive
353,Feeling blessed for the supportive community in times of need.    ,Positive
354,Captivated by the serenity of a tranquil garden in full bloom.     ,Positive
355,Anticipation for an upcoming adventure in an exotic destination.   ,Positive
356,Reflecting on personal growth achieved through life experiences.  ,Neutral
357,Nostalgic memories flood in while revisiting childhood favorites. ,Neutral
358,Appreciation for the vibrant culture experienced during travel.   ,Positive
359,Confidence soars after overcoming public speaking anxiety.       ,Positive
360,Contentment in the midst of a family gathering filled with laughter. ,Positive
361,Enthusiasm for learning new skills and expanding knowledge.      ,Positive
362,Surprise and delight at discovering a hidden gem in the city.    ,Neutral
363,A sense of accomplishment after completing a challenging workout.,Positive
364,Wonderment at the beauty of a double rainbow after the rain.     ,Positive
365,Optimism for a bright future amidst challenging times.           ,Positive
366,Pride in achieving a personal milestone in career progression.   ,Positive
367,Happiness blooms like flowers in a garden on a sunny day.        ,Positive
368,Elation over discovering a rare book in a quaint bookstore.      ,Positive
369,Curiosity piqued by the mysteries of an ancient archaeological site.,Neutral
370,Mesmerized by the cosmic dance of fireflies on a moonlit night.    ,Positive
371,Intrigued by the symphony of colors in an abstract art exhibition. ,Positive
372,Giggles and joy echo in the air during a children's playdate.      ,Positive
373,Enveloped in serenity while practicing mindfulness by the lake.    ,Positive
374,Chasing dreams like a kite soaring high in the vast open sky.      ,Positive
375,Spellbound by the elegance of a ballroom dance under crystal chandeliers. ,Positive
376,Whimsical delight in a world of fairy tales and magical creatures.  ,Positive
377,Pensive contemplation amid the ancient ruins of a forgotten civilization. ,Neutral
378,Embracing the thrill of speed on a rollercoaster's exhilarating twists. ,Positive
379,Harmony resonates as musicians play a melody of unity and togetherness. ,Positive
380,A burst of creativity in the quiet solitude of an artist's studio.  ,Positive
381,Radiant joy akin to blooming flowers on a sun-kissed spring morning. ,Positive
382,A sense of wonder at the vastness of the cosmos on a stargazing night. ,Positive
383,Rejuvenated by the salty breeze and the sound of waves at the seaside. ,Positive
384,Whispers of inspiration from the rustling leaves in a serene forest. ,Positive
385,Savoring the warmth of a cup of cocoa on a chilly winter evening.   ,Positive
386,Heartfelt gratitude for the laughter shared during a family reunion. ,Positive
387,"Embarking on a culinary adventure, savoring exotic flavors around the world. ",Positive
388,Euphoria floods in as the final puzzle piece clicks into place.       ,Positive
389,Awe-inspired by the grandeur of an ancient cathedral's intricate architecture. ,Positive
390,Captivated by the ethereal beauty of a field filled with fireflies. ,Positive
391,Immersed in the enchanting melodies of a street musician's violin. ,Positive
392,Joyful laughter resonates through a lively summer carnival.         ,Positive
393,Exploring the universe within during a mindful meditation session. ,Neutral
394,Soaring like a free spirit on the winds of a coastal cliff.        ,Positive
395,Dazzled by the elegance of a masquerade ball's dazzling costumes. ,Positive
396,Whimsical delight in a world of whimsical fairy tales.             ,Positive
397,Reflective contemplation amid the ruins of a forgotten era.        ,Neutral
398,Riding the adrenaline rush on a rollercoaster's wild twists.      ,Positive
399,Harmony resonates as musicians play a symphony of unity.           ,Positive
400,A burst of artistic creativity in the quietude of an artist's studio. ,Positive
401,Radiant joy akin to blossoming flowers on a sunlit spring morning. ,Positive
402,Awe-inspired by the vastness of the cosmos on a stargazing night.   ,Positive
403,Rejuvenated by the salty breeze and the sound of waves at the seaside. ,Positive
404,Whispers of inspiration from the rustling leaves in a serene forest. ,Positive
405,Savoring the warmth of a cup of cocoa on a chilly winter evening.   ,Positive
406,Heartfelt gratitude for the laughter shared during a family reunion. ,Positive
407,"Embarking on a culinary odyssey, savoring flavors around the world. ",Positive
408,Euphoria floods in as the final puzzle piece fits perfectly.       ,Positive
409,Awe-struck by the grandeur of an ancient cathedral's intricate architecture. ,Positive
410,Curiosity awakened by the mysteries of an ancient archaeological site. ,Neutral
411,Giddy with excitement as the first snowflakes dance from the sky. ,Positive
412,Contentment envelops as the aroma of freshly baked bread fills the air. ,Positive
413,Inspired by the resilience of a lone tree standing tall in a storm. ,Positive
414,"Lost in the pages of a captivating novel, transported to another world. ",Positive
415,Drenched in nostalgia while flipping through an old family photo album. ,Neutral
416,Spark of inspiration ignites like a shooting star in the night sky. ,Positive
417,Imbued with gratitude for the simple pleasure of a warm cup of tea. ,Positive
418,Marveling at the kaleidoscope of colors in a vibrant street market. ,Positive
419,Awash with serenity as the sun sets over a tranquil lakeside retreat. ,Positive
420,Drowning in sorrow as memories of lost love resurface.            ,Negative
421,Numbness sets in as the weight of loneliness grows heavier.       ,Negative
422,"Tears fall like raindrops, mourning the end of a cherished friendship. ",Negative
423,"Despair clouds the mind, feeling adrift in an endless sea of darkness. ",Negative
424,"Shattered by betrayal, trust crumbles like fragile glass.          ",Negative
425,"Aching heart, the symphony of pain plays in the silence of solitude. ",Negative
426,"Emotional storm, a whirlwind of sadness engulfs every thought.    ",Negative
427,"Haunted by regrets, the ghost of the past lingers relentlessly.   ",Negative
428,"Torn apart by grief, the echoes of loss reverberate through the soul. ",Negative
429,"Isolation deepens, an emotional winter where warmth is but a distant memory. ",Negative
430,"Soul-crushing disappointment, hopes shattered like fragile glass. ",Negative
431,"Painful echoes of a love once cherished, now lost in the abyss of time. ",Negative
432,"Heartache deepens, a solitary journey through the abyss of despair. ",Negative
433,"Melancholy lingers, a bittersweet serenade in the quietude of solitude. ",Negative
434,"Bitterness like a poison, seeping into every crevice of the wounded heart. ",Negative
435,"Emotional exhaustion, the weight of the world crushing weary shoulders. ",Negative
436,"Sorrowful echoes, a symphony of pain played by the strings of loss. ",Negative
437,"Darkness descends, engulfing the soul in the shadows of despair.  ",Negative
438,"Desperation whispers, the silent plea for a glimmer of hope in the abyss. ",Negative
439,"Heart in ruins, the remnants of shattered dreams scattered in the wind. ",Negative
440,"Shattered by the echoes of a shattered dream, fragments of hope scattered. ",Negative
441,"Avoiding the thorns of regret, walking barefoot on the path of remorse. ",Negative
442,"In the labyrinth of grief, the walls echo with the footsteps of lost joy. ",Negative
443,"A soul adrift in the sea of solitude, waves of loneliness crashing relentlessly. ",Negative
444,"The bitterness of betrayal, a taste that lingers, staining the palate of trust. ",Negative
445,"In the ruins of hope, echoes of shattered dreams whisper tales of loss. ",Negative
446,"Sinking like a stone in the ocean of heartbreak, each ripple a sigh of despair. ",Negative
447,"Tears, the ink staining the pages of a journal, a testament to silent grief. ",Negative
448,"In the wasteland of lost trust, the echoes of broken promises reverberate. ",Negative
449,"Avoiding the shards of shattered dreams, walking the tightrope of resilience. ",Positive
450,"Suffocating in the silence of solitude, where echoes of laughter once thrived. ",Negative
451,"Haunted by the specter of lost possibilities, a ghost that refuses to fade away. ",Negative
452,"In the labyrinth of despair, the echoes of a broken heart reverberate endlessly. ",Negative
453,"Sinking like autumn leaves in the river of sorrow, carried away by the current. ",Negative
454,"In the garden of broken dreams, petals fall, a silent testimony to shattered hopes. ",Negative
455,"Tears, the currency of grief, spent in the marketplace of lost love and longing. ",Negative
456,"Wandering in the maze of betrayal, the walls closing in with every wrong turn. ",Negative
457,"A soul weathered by the storm of heartbreak, seeking refuge in the calm after. ",Negative
458,"In the tapestry of despair, threads of hope unravel, leaving a portrait of sorrow. ",Negative
459,"Like a withered rose in the garden of love, petals fall, a silent surrender to time. ",Negative
460,"In the void of heartache, echoes of a love song play, each note a pang of longing. ",Negative
461,"Nostalgia, a bittersweet dance in the moonlit ballroom of cherished memories. ",Neutral
462,"In the symphony of grief, each tear is a note, composing a melancholic melody. ",Negative
463,"Betrayal, a venomous serpent slithering through the garden of trust, poisoning roots. ",Negative
464,"Sinking in the quicksand of despair, the harder you fight, the deeper you descend. ",Negative
465,"Wandering through the cemetery of lost dreams, tombstones marking untold sorrows. ",Negative
466,"Swept away by the river of regret, the currents of the past refusing to release. ",Negative
467,"Whispers of lost love linger in the attic of the heart, forgotten but not erased. ",Negative
468,"In the gallery of broken promises, each shattered vow framed, a painful exhibition. ",Negative
469,"The echoes of solitude, a silent conversation between a soul and its shadows. ",Neutral
470,"Dancing on sunshine, each step a celebration of the joy found in simple moments. ",Positive
471,"Laughter echoes in the air, a chorus of happiness that lifts the spirit higher. ",Positive
472,"In the garden of contentment, each bloom whispers tales of inner peace and joy. ",Positive
473,"Chasing dreams under the vibrant sky, a journey fueled by hope and enthusiasm. ",Positive
474,"Serenading the stars with a heart full of gratitude, a melody of thankfulness. ",Positive
475,"Basking in the glow of accomplishment, each milestone a stepping stone to happiness. ",Positive
476,"In the dance of positivity, every step is a rhythm, uplifting the soul in harmony. ",Positive
477,"Overflowing with joy, a cup of laughter shared with friends, a moment cherished. ",Positive
478,"Draped in the warmth of kindness, a quilt of compassion stitched with love. ",Positive
479,"In the garden of friendships, each bloom a testament to the beauty of camaraderie. ",Positive
480,"In the embrace of love, each heartbeat is a melody, dancing to the rhythm of affection. ",Positive
481,"Surrounded by the colors of joy, a canvas painted with laughter and endless smiles. ",Positive
482,"In the symphony of excitement, each note is a burst of energy, igniting the soul with fervor. ",Positive
483,"A surprise gift, wrapped in anticipation, unfolds a moment of delight and wonder. ",Neutral
484,"Lost in the maze of curiosity, each twist and turn unveils the treasures of discovery. ",Neutral
485,"Floating on clouds of gratitude, each raindrop a blessing, a shower of thankfulness. ",Positive
486,"Like a comet of inspiration, streaking through the sky of creativity, leaving trails of brilliance. ",Positive
487,"In the celebration of success, fireworks of accomplishment light up the night sky of triumph. ",Positive
488,"A symphony of laughter, each note a key to unlocking the door of boundless happiness. ",Positive
489,"In the carnival of emotions, the rollercoaster of thrill sends the heart on a wild ride. ",Positive
490,"Standing before the grandeur of the Eiffel Tower, a moment to reflect on the beauty of Parisian dreams. ",Neutral
491,"Lost in the enchantment of Disneyland, each ride a journey into the realm of childhood fantasies. ",Positive
492,"Exploring the wonders of Ferrari World, the roar of engines creating a symphony of speed. ",Positive
493,"Amidst the tulip fields of Keukenhof, a tapestry of colors that paints the soul with springtime joy. ",Positive
494,"Wandering through the historical streets of Kyoto, each step a journey into the heart of Japan's traditions. ",Positive
495,"In the embrace of the Grand Canyon, nature's masterpiece, a moment to marvel at Earth's grandeur. ",Positive
496,"Journeying through the serenity of Santorini, where each sunset paints the sky with hues of tranquility. ",Positive
497,"Amazed by the architectural marvels of Petra, each stone telling tales of an ancient civilization. ",Positive
498,"Embarking on a gondola ride in Venice, each canal reflecting the romance of this timeless city. ",Positive
499,"At the summit of Machu Picchu, a breathtaking panorama that whispers the secrets of ancient civilizations. ",Positive
500,"In the heart of New York City, Times Square dazzles with lights, a vibrant spectacle of urban energy. ",Positive
501,"Captivated by the historical charm of the Colosseum, each stone echoing tales of gladiator valor. ",Positive
502,"Sailing the azure waters of the Maldives, each wave a whisper of serenity in paradise. ",Positive
503,"In the midst of the Amazon rainforest, a symphony of wildlife creates an orchestra of nature's wonders. ",Positive
504,"Walking the Great Wall of China, each step a testament to ancient engineering marvels. ",Positive
505,"At the summit of Mount Fuji, a breathtaking sunrise that paints the sky with hues of accomplishment. ",Positive
506,"Exploring the ancient ruins of Angkor Wat, each stone whispering stories of Khmer civilization. ",Positive
507,"Skiing down the slopes of the Swiss Alps, each turn a dance with the majesty of snow-capped peaks. ",Positive
508,"In the tranquility of Kyoto's bamboo forest, whispers of ancient Zen wisdom echo through the groves. ",Positive
509,"Cruising the fjords of Norway, each icy landscape a breathtaking masterpiece of nature's grandeur. ",Positive
510,"At the front row of Adele's concert, each note of 'Someone Like You' resonates with soul-stirring emotion. ",Neutral
511,"Dancing under the stars at Beyonc√©'s live show, feeling the power of 'Single Ladies' in every move. ",Positive
512,"In the crowd of a Taylor Swift concert, the lyrics of 'Love Story' create an enchanting fairy tale. ",Positive
513,"Rocking out to the guitar solos at a Queen tribute concert, a journey back in time with Freddie's spirit. ",Neutral
514,"Swaying to Ed Sheeran's acoustic melodies, a serene evening filled with 'Perfect' moments. ",Positive
515,"Immersed in the pulsating beats of a Bruno Mars concert, where 'Uptown Funk' becomes a city of joy. ",Positive
516,"At a Michael Jackson tribute show, moonwalking through the hits, a celebration of the King of Pop. ",Positive
517,"Swinging to the rhythms of a Frank Sinatra tribute, feeling the timeless charm of 'Fly Me to the Moon'. ",Positive
518,"In the mosh pit of a Metallica concert, the thunderous chords create a symphony of headbanging ecstasy. ",Positive
519,"Experiencing the magic of a Coldplay concert, where 'Fix You' becomes a beacon of hope in the night. ",Positive
520,"At a Justin Bieber concert, the infectious beats of 'Baby' create a dance floor of unbridled enthusiasm. ",Positive
521,"In the spotlight at a Lady Gaga show, each costume change is a metamorphosis of creativity and artistry. ",Positive
522,"Immersed in the soulful melodies of Adele, tears flow freely, moved by the emotion of 'Hello'. ",Neutral
523,"Drenched in confetti at a Katy Perry concert, a kaleidoscope of colors igniting the night sky. ",Positive
524,"In the audience of a Jay-Z performance, the lyrics of 'Empire State of Mind' become an anthem of pride. ",Positive
525,"Dancing to Shakira's rhythmic beats, hips swaying to the hypnotic charm of 'Hips Don't Lie'. ",Positive
526,"At a U2 concert, the anthemic chords of 'With or Without You' create a timeless moment of connection. ",Positive
527,"Rocking out at a Guns N' Roses show, the iconic riffs of 'Sweet Child o' Mine' echoing in the night. ",Positive
528,"In the crowd of an Ariana Grande concert, the high notes of 'Into You' create a euphoric symphony. ",Positive
529,"Swaying to the reggae vibes of Bob Marley's tribute concert, each chord a journey to Jamaica's soul. ",Neutral
530,"Captivated by the spellbinding plot twists, the audience applauds, experiencing a rollercoaster of emotions at the movie premiere. ",Positive
531,"As the credits roll, a profound sense of nostalgia washes over, reminiscent of cherished moments in classic films. ",Neutral
532,"Streaming the latest web series, the viewer is engrossed in the characters' journey, feeling a sense of connection and empathy. ",Positive
533,"At the film festival, the indie filmmaker's creation receives a standing ovation, evoking pride and a sense of accomplishment. ",Positive
534,"Watching a heartwarming family drama, tears flow freely as the characters overcome challenges, leaving the viewer with a warm glow. ",Positive
535,"At the Oscars, the actor graciously accepts an award, radiating joy and gratitude for the recognition of their outstanding performance. ",Positive
536,"Discovering a hidden gem in the world of documentaries, the viewer is enlightened and inspired, feeling a renewed sense of curiosity. ",Positive
537,"As the movie credits roll, the viewer experiences a mix of awe and contemplation, pondering the deeper meanings woven into the storyline. ",Neutral
538,"Binge-watching a thrilling crime series, the suspense keeps the viewer on the edge of their seat, creating a rush of adrenaline. ",Neutral
539,"As the closing scene unfolds, a sense of satisfaction washes over, completing the cinematic journey with a profound and fulfilling ending. ",Positive
540,"Celebrating a historic victory in the World Cup, the nation erupts in joy, united by the triumph of their football team. ",Positive
541,"At the Olympics, the athlete's perseverance shines through, earning a gold medal and inspiring a generation with their remarkable achievement. ",Positive
542,"In the cricket championship, a nail-biting finish leaves fans on the edge of their seats, experiencing a rollercoaster of emotions. ",Positive
543,"Witnessing a record-breaking marathon, spectators are filled with awe and admiration for the endurance and dedication of the runners. ",Positive
544,"In the tennis grand slam, a fierce rivalry unfolds, captivating fans with a display of skill and sportsmanship on the world stage. ",Positive
545,"Cheering for the underdog in the basketball finals, the crowd erupts in applause as the team defies odds to claim the championship title. ",Positive
546,"At the golf tournament, the golfer's precision and focus lead to a stunning victory, leaving spectators in awe of their exceptional skill. ",Positive
547,"Experiencing the thrill of a high-speed Formula 1 race, fans are on the edge of their seats as drivers compete for the championship. ",Positive
548,"In the cycling world championship, the climber conquers challenging terrains, symbolizing determination and achievement against all odds. ",Positive
549,"Witnessing a heartwarming comeback in the hockey finals, fans share tears of joy as the team secures a historic victory after adversity. ",Positive
550,"After a series of defeats, the soccer team faces disappointment, struggling to find the silver lining in a challenging season. ",Negative
551,"In the tennis tournament, a highly anticipated player experiences a setback, leaving fans in shock and questioning the unforeseen turn of events. ",Negative
552,"Facing a defeat in the championship, the boxer reflects on the challenges, vowing to return stronger and more determined in the next bout. ",Neutral
553,"In the midst of a cycling race, a tire blowout leads to frustration for the cyclist, who valiantly tries to overcome the unexpected obstacle. ",Negative
554,"The gymnast's unexpected fall during a routine sparks a wave of sympathy from the audience, highlighting the vulnerability of sports. ",Positive
555,"In the golf tournament, a missed crucial putt results in defeat, causing the golfer to reflect on the pressure of high-stakes competition. ",Negative
556,"Experiencing a series of losses in the basketball season, the team grapples with frustration, determined to turn the tide with renewed effort. ",Positive
557,"Despite meticulous training, the swimmer faces disappointment as a split-second miscalculation costs them the lead in a crucial race. ",Negative
558,"The weightlifter's failed attempt at a personal record results in frustration, highlighting the challenging nature of pushing physical limits. ",Neutral
559,"In the midst of a soccer match, an unexpected own goal creates a moment of despair for the player, as teammates console and encourage them. ",Negative
560,"In the serene beauty of a sunset, nature unfolds a canvas of colors, evoking a sense of tranquility and wonder. ",Positive
561,"Embarking on a spontaneous road trip, the traveler discovers hidden gems, creating memories that will be cherished for a lifetime. ",Positive
562,"Amidst the bustling city, a quiet caf√© becomes a sanctuary for reflection, where a cup of coffee brings solace to the wandering mind. ",Positive
563,"Exploring the vibrant street art of a cultural neighborhood, each mural tells a story, infusing the city with creativity and expression. ",Positive
564,"In the world of science, a breakthrough discovery unfolds, pushing the boundaries of knowledge and opening new frontiers of exploration. ",Positive
565,"Connecting with the melody of a live orchestra, the music enthusiast experiences a symphony that resonates deep within the soul. ",Positive
566,"Embracing the aroma of freshly baked bread, the home chef finds joy in the art of baking, creating delicious memories for loved ones. ",Positive
567,"Wandering through a historical museum, the history enthusiast becomes immersed in the tales of the past, envisioning bygone eras. ",Neutral
568,"In the realm of literature, a captivating novel transports the reader to distant lands, weaving a tapestry of imagination and escape. ",Positive
569,"Capturing the essence of a bustling market, the photographer freezes moments in time, each frame telling a unique and vibrant story. ",Positive
570,"Underneath the city lights, the dancer expresses emotions through graceful movements, creating a mesmerizing performance under the night sky. ",Positive
571,"In the heart of a bustling market, the street food connoisseur indulges in a culinary adventure, savoring diverse flavors and aromas. ",Positive
572,"As the first snowflake descends, the winter enthusiast eagerly prepares for a season of frosty delights, anticipating the magic of snow-covered landscapes. ",Positive
573,"Amidst the pages of a captivating mystery novel, the reader unravels clues and secrets, experiencing a thrilling journey of suspense and revelation. ",Positive
574,"Surrounded by the vibrant colors of a flower garden, the gardener nurtures blossoms, finding joy in the beauty of nature's ever-changing canvas. ",Positive
575,"At the astronomy observatory, the stargazer marvels at the vastness of the cosmos, contemplating the mysteries hidden within the celestial expanse. ",Positive
576,"Engulfed in the aroma of freshly brewed coffee, the writer finds inspiration in every sip, embarking on a journey of creativity and prose. ",Positive
577,"In the realm of fashion, the designer unveils a collection that tells a story, blending innovation and tradition on the runway of creativity. ",Positive
578,"As the waves crash against the shore, the surfer embraces the thrill of riding the ocean's energy, capturing the essence of freedom in each wave. ",Positive
579,"Exploring the historical architecture of an ancient city, the traveler is transported to a bygone era, where each monument whispers tales of the past. ",Neutral
580,Successfully avoided eye contact with my crush in the hallway. Mission accomplished. #TeenCrush #StealthMode ,Positive
581,Ran out of snacks during a movie marathon. Crisis level: Emergency! #MovieNightStruggles #TeenProblems ,Negative
582,Spent an hour choosing the perfect filter for a selfie. The struggle for that Instagram aesthetic is real. #SelfieQueen #TeenVibes ,Positive
583,Lost my headphones again. How do they vanish into thin air? #HeadphoneMystery #TeenLife ,Negative
584,Decided to study for exams but ended up making memes about studying instead. Procrastination level: Expert. #ProcrastinationNation #TeenConfessions ,Neutral
585,"Got dressed for the day, then remembered it's Saturday. Oops. #WeekendVibes #TeenStruggles ",Neutral
586,Survived a group project without any drama. Miracles do happen. #GroupProjectSuccess #TeenAchievements ,Positive
587,"Entered the kitchen with the intention to cook. Left with a bag of chips. Cooking is overrated, anyway. #MasterChefInTraining #TeenHumor ",Negative
588,"Staring at the clock in class, waiting for the bell to ring like it's the most exciting event of the day. #ClassCountdown #TeenLife ",Neutral
589,"Discovered a new book series and spent the whole night reading. Who needs sleep, anyway? #BookwormLife #LateNightReading ",Positive
590,"Bought a new video game, played for hours, forgot to eat. The ultimate gaming session. #GamerLife #NoFoodGaming ",Positive
591,Spent the day binge-watching a new series. Productivity level: Zero. #LazyDay #TVSeriesMarathon ,Positive
592,Caught up on the latest fashion trends and now planning a shopping spree. #Fashionista #TrendyTeen ,Positive
593,Decided to learn a new instrument. Day one: Still trying to figure out how to hold it. #MusicNovice #LearningJourney ,Negative
594,Spent hours creating the perfect playlist for every mood. Music is my therapy. #PlaylistMaker #TeenMusicLover ,Positive
595,Successfully cooked a gourmet meal for the family. Chef skills unlocked! #ChefMode #TeenChef ,Positive
596,Spontaneously booked a weekend getaway. Adventure awaits! #TravelBug #WeekendEscape ,Positive
597,Attended a concert and danced the night away. Music is the heartbeat of life. #ConcertVibes #DanceAllNight ,Positive
598,Rediscovered childhood cartoons and had a nostalgia-filled marathon. #CartoonNostalgia #TeenMemories ,Positive
599,Embarked on a DIY home decor project. Let's hope it turns out better than last time. #DIYAdventure #TeenHomeDecor ,Positive
600,"Spent the afternoon at a museum, pretending to be cultured. Art enthusiast in the making. #MuseumDay #TeenArtLover ",Neutral
601,Started a blog about random thoughts and musings. Blogging is the new diary. #BloggerLife #TeenBlogger ,Neutral
602,Relishing a peaceful afternoon with a classic novel. Quiet moments are the best moments. #BookLover #PeacefulAfternoon ,Positive
603,"Reflecting on a lifetime of memories, each wrinkle tells a story. Embracing the beauty of aging. #LifeReflections #BeautyInAging ",Positive
604,Exploring the world of digital art. It's never too late to discover new passions. #DigitalArtistry #LateBloomer ,Neutral
605,Savoring the flavors of a home-cooked meal. Simple joys are the heart of happiness. #HomeCooking #SimpleJoys ,Positive
606,Embarking on a journey of learning a new language. The mind stays young with every new word. #LanguageLearning #NeverTooLate ,Neutral
607,"Attended a classical music concert, feeling the timeless melodies resonate. Music transcends generations. #ClassicalMusic #TimelessMelodies ",Positive
608,Capturing the beauty of nature through photography. Every snapshot is a treasure. #NaturePhotography #SeniorPhotographer ,Positive
609,"Reconnecting with old friends over a cup of tea. Friendship, the true essence of companionship. #OldFriends #Companionship ",Positive
610,"Embarked on a road trip to revisit cherished places from the past. Nostalgia, the ultimate travel companion. #RoadTrip #NostalgiaTour ",Positive
611,"Joined a community choir, harmonizing with fellow voices. Music creates bonds that withstand time. #CommunityChoir #HarmonyInAging ",Positive
612,"Exploring the art of meditation, finding tranquility in the stillness of the mind. #MeditationJourney #TranquilMind ",Positive
613,"Taking a stroll in the garden, appreciating the beauty of blooming flowers. Nature's wonders never cease. #GardenWalk #FloralBeauty ",Positive
614,"Sipping on a favorite vintage wine, each sip telling a story of the years gone by. Cheers to a life well-lived. #WineLover #VintageCheers ",Positive
615,"Participated in a community art class, unleashing creativity in the golden years. Art has no age limit. #ArtClass #SeniorArtistry ",Positive
616,"Embarking on a journey of writing a memoir, documenting a lifetime of experiences. Every story matters. #MemoirWriting #SeniorStories ",Positive
617,"Attended a lecture on history, always fascinated by the lessons from the past. Learning is a lifelong adventure. #HistoryLecture #SeniorLearning ",Neutral
618,"Rediscovered the joy of cooking traditional family recipes. The kitchen, a place of cherished memories. #FamilyRecipes #SeniorCooking ",Positive
619,"Joined a nature photography club, capturing the beauty of the great outdoors. Every click is a connection to nature. #NaturePhotography #SeniorPhotographer ",Positive
620,"Attended a jazz concert and swayed to the rhythm of timeless tunes. Music, a constant companion in the golden years. #JazzConcert #SeniorMusic ",Positive
621,"Joined a writing group, penning down thoughts and reflections. Writing, a journey into the depths of the soul. #WritingGroup #SeniorWriter ",Positive
622,"Embarked on a solo travel adventure, discovering the beauty of new places at my own pace. #SoloTravel #SeniorExplorer ",Positive
623,"Attended a vintage car show, reminiscing about the classics that once ruled the roads. Nostalgia in every rev. #VintageCars #ClassicRides ",Positive
624,"Started a community garden, growing not just plants but friendships too. Green thumbs unite! #CommunityGarden #SeniorGardener ",Positive
625,"Hosted a family dinner, where laughter echoed louder than the clinking of utensils. Family, the heart of happiness. #FamilyDinner #SeniorHost ",Positive
626,"Enrolled in a dance class for seniors, moving to the rhythm of life. Age is just a number on the dance floor. #DanceClass #SeniorDancer ",Positive
627,"Visited an art gallery, appreciating the brushstrokes that tell tales of creativity. Art, an eternal companion. #ArtGallery #SeniorArtLover ",Positive
628,"Started a book club for seniors, where discussions are as lively as the characters in the novels. #BookClub #SeniorReaders ",Positive
629,"Hosted a picnic in the park, basking in the warmth of friendship and sunshine. Simple joys, timeless memories. #ParkPicnic #SeniorJoy ",Positive
630,"Participated in a local theater production, proving that the stage belongs to every age. #TheaterProduction #SeniorActor ",Positive
631,"Embarked on a hiking adventure, conquering trails and relishing the beauty of nature. Age is just a number on the mountaintop. #HikingAdventure #SeniorHiker ",Positive
632,Hosted a photography exhibition featuring snapshots of a life well-lived. Every photo has a story to tell. #PhotographyExhibition #SeniorPhotographer ,Positive
633,"Joined a seniors' cycling club, feeling the wind in my hair and the freedom of the open road. #CyclingClub #SeniorCyclist ",Positive
634,"Attended a wine tasting event, savoring the richness of flavors that age like fine wine. Cheers to the golden years! #WineTasting #SeniorWineLover ",Positive
635,"Started learning ballroom dancing, gliding gracefully across the dance floor. Ageless elegance in every step. #BallroomDancing #SeniorDancer ",Positive
636,"Organized a community painting event, turning blank canvases into a masterpiece of shared creativity. #PaintingEvent #SeniorArtist ",Positive
637,"Hosted a 'memory lane' evening with old friends, reminiscing about the adventures that shaped our lives. #MemoryLane #SeniorReminiscing ",Positive
638,"Joined a seniors' astronomy club, stargazing and finding wonder in the vastness of the cosmos. #AstronomyClub #SeniorStargazer ",Neutral
639,"Attended a local jazz festival, tapping toes to the tunes that have stood the test of time. Music, a lifelong love affair. #JazzFestival #SeniorMusicLover ",Positive
640,"Started a blog sharing the wisdom gained through the years, proving that every day is a chance to learn and grow. #SeniorWisdom #Blog ",Positive
641,"Participated in a charity run, proving that age is no barrier to supporting meaningful causes. #CharityRun #SeniorRunner ",Positive
642,"Survived a challenging physics exam. Equations, you won't defeat me! ",Positive
643,Exploring the world of coding. Debugging is an adventure on its own! #CodingJourney #HighSchoolCoder ,Positive
644,"Joined the school debate team. Words are my weapons, and I'm ready for battle! ",Positive
645,"Started a photography club at school. Capturing moments, one snapshot at a time! ",Positive
646,"Daydreaming about the upcoming prom. The dress, the dance ‚Äì it's a fairytale in the making! ",Positive
647,Convinced the teacher to have class outdoors. Learning equations with a side of fresh air! ,Positive
648,"Accidentally spilled paint in art class. Abstract art, right? #ArtClassAdventures #HighSchoolArtist ",Negative
649,Trying to master the perfect kickflip on my skateboard. Skating into the weekend like a pro! ,Positive
650,Bonding with friends over the latest K-pop sensation. Fangirling at its finest! ,Positive
651,Spent hours perfecting a chemistry experiment. Mixing potions like a wizard! ,Positive
652,Successfully organized a surprise birthday party for a friend. Party planning expert mode: Achieved! ,Positive
653,"Joined the drama club to unleash my inner actor. Lights, camera, action! ",Positive
654,Got my hands on the latest fantasy novel. Diving into realms of magic and adventure! ,Positive
655,Mastering the art of the perfect doodle during boring classes. Doodles: A+! ,Positive
656,Attempting to break the school record for the longest handstand. Wish me luck! ,Positive
657,Sneaking snacks into class like a pro. The art of snack-smuggling is a sacred skill! ,Positive
658,Hosting a sleepover with friends this weekend. Preparing for a night of laughter and memories! ,Positive
659,"Spent hours on a TikTok dance, only to realize I have two left feet. Dance fail: Unleashed! ",Negative
660,Accidentally liked my crush's old photo while stalking their profile. Awkward level: Maximum! ,Negative
661,Tried to impress my crush with a smooth conversation. Ended up spilling my drink. Smooth level: Nonexistent! ,Negative
662,Mastered the art of creating paper airplanes during lecture. Paper planes: Soaring to new heights! ,Positive
663,Trying to set a new trend by juggling textbooks between classes. Academic juggling: A unique skill! ,Positive
664,Hiding a snack stash in my backpack for emergency cravings. Snack ninja mode: Activated! ,Positive
665,Planning a surprise scavenger hunt for friends. Anticipating the thrill and excitement! ,Positive
666,Danced in the rain to celebrate the end of exams. Rain dance: Unexpectedly refreshing! ,Positive
667,Accidentally sent a text meant for a friend to the class group chat. Texting fail: Oops moment! ,Negative
668,Tried a magic trick to impress classmates. Magic fail: Where did that rabbit go? ,Negative
669,Perfecting the art of creating origami during a dull lecture. Origami mastery: A+! ,Positive
670,Attempting to set a new record for the most consecutive hacky sack kicks. Hacky sack skills: Unleashed! ,Positive
671,Creating a secret handshake with friends. Friendship level: Expert! ,Positive
672,Embarking on a mission to find the best burger joint in town. Burger connoisseur: Reporting for duty! ,Positive
673,Practicing a stand-up comedy routine for the upcoming talent show. Comedy gig: In the making! ,Positive
674,Accidentally sent a love letter to the wrong person. Love note fail: Maximum embarrassment! ,Negative
675,Attempting to impress the teacher with an elaborate science experiment. Science geek mode: Activated! ,Positive
676,Crafting intricate friendship bracelets for the whole squad. Friendship level: Expert weaver! ,Positive
677,Attempting to beat the record for the most consecutive cartwheels. Cartwheel challenge: Underway! ,Positive
678,Organizing a movie marathon with friends. Popcorn and cinematic adventures await! ,Positive
679,Experimenting with a new hair color. A bold change for a bold semester! ,Positive
680,Building a time capsule to capture memories for the future. Time-traveling emotions! ,Positive
681,Accidentally walked into the wrong classroom on the first day. Classroom mix-up: Awkward start! ,Negative
682,Trying out a new smoothie recipe for a healthy start to the week. Smoothie enthusiast: Level up! ,Positive
683,Reflecting on the challenges of the school year. Feeling a bit overwhelmed with assignments. ,Negative
684,Encountered some mean-spirited comments online. Dealing with online hate is never easy. ,Negative
685,Had a bad day at school. Everything seems to be going wrong. ,Negative
686,Feeling down after not making the sports team. Disappointment lingers. ,Negative
687,Witnessed a heated argument in the cafeteria. Unpleasant atmosphere at lunch. ,Negative
688,Received a not-so-great grade on a major project. Academic frustration setting in. ,Negative
689,Dealing with a personal setback. Sometimes life throws unexpected challenges. ,Negative
690,Feeling lonely on a Saturday night. Sometimes solitude hits harder than expected. ,Negative
691,Experiencing cyberbullying. Hateful messages online are disheartening. ,Negative
692,Caught in a torrential rainstorm without an umbrella. Today's weather is just bad luck. ,Negative
693,Missing an important event due to unforeseen circumstances. A day filled with sadness. ,Negative
694,Dealing with unfounded rumors circulating about personal life. Rumors can be hurtful. ,Negative
695,Got a flat tire on the way to an important meeting. Talk about a series of bad events! ,Negative
696,Feeling a sense of emptiness after a close friend moves away. Farewells are always sad. ,Negative
697,Facing rejection from a dream college. Disheartened but determined to explore other paths. ,Negative
698,Encountering online toxicity during a gaming session. Hateful comments can ruin the fun. ,Negative
699,Having a bad hair day and feeling self-conscious. Bad hair days can affect confidence. ,Negative
700,Feeling a sense of despair after a major project failure. Hard work didn't pay off this time. ,Negative
701,Experiencing hate comments for expressing personal opinions. Online negativity prevails. ,Negative
702,Having a string of bad luck with constant technology malfunctions. Tech troubles galore! ,Negative
703,Missing out on a long-anticipated event due to unexpected circumstances. A day filled with sadness. ,Negative
704,Trying out a new study technique for upcoming exams. Exploring different learning strategies. ,Neutral
705,Organizing a community cleanup event for a cleaner neighborhood. Promoting environmental awareness. ,Neutral
706,Sharing favorite book recommendations with classmates. Building a mini book club. ,Neutral
707,Experimenting with a new recipe for a school bake sale. Baking adventures in the kitchen. ,Neutral
708,Collaborating on a school project with peers. Teamwork makes the dream work. ,Neutral
709,Attending a school club meeting to explore new interests. Dabbling in extracurricular activities. ,Neutral
710,Exploring a new part-time job opportunity for gaining work experience. Career development in progress. ,Neutral
711,Attending a school assembly to stay informed about upcoming events and announcements. Staying connected with school activities. ,Neutral
712,Exploring a new hobby of photography during free time. Capturing moments through a lens. ,Neutral
713,Participating in a science fair to showcase a unique experiment. Sharing knowledge with peers. ,Neutral
714,Attending a workshop on time management to enhance organizational skills. Striving for efficiency. ,Neutral
715,Volunteering at a local charity event to give back to the community. Contributing to social causes. ,Neutral
716,Collaborating on a group project to promote teamwork and shared responsibilities. Group effort in action. ,Neutral
717,Participating in a debate club to enhance critical thinking and communication skills. Intellectual engagement in progress. ,Neutral
718,Celebrating a friend's birthday with a surprise party. Joyful moments and laughter all around! ,Positive
719,Successfully completing a challenging coding project. Excitement for overcoming coding hurdles! ,Positive
720,Attending a school talent show to support classmates. Applauding the diverse talents on display! ,Positive
721,"Exploring a new hiking trail with friends over the weekend. Nature, laughter, and good vibes! ",Positive
722,Winning a friendly sports competition against rival schools. Victory celebrations in full swing! ,Positive
723,Receiving a heartfelt letter from a pen pal in another country. Connecting across the globe! ,Positive
724,Creating a beautiful mural with fellow art enthusiasts. The power of collaboration and creativity! ,Positive
725,Participating in a school-wide art exhibition. Witnessing creativity and spreading positive vibes! ,Positive
726,Achieving a personal best in a track and field competition. The thrill of victory and self-improvement! ,Positive
727,Collaborating on a science project that received recognition at a regional fair. Science triumphs and smiles! ,Positive
728,"Attending a surprise birthday party organized by friends. Surrounded by love, laughter, and good company! ",Positive
729,Successfully fundraising for a school charity initiative. The joy of giving back to the community! ,Positive
730,"Participating in a multicultural festival, celebrating diversity with music, dance, and delicious food! ",Positive
731,"Organizing a virtual talent show during challenging times, bringing smiles to classmates' faces! ",Positive
